item_druid,collection_druid,New Work Type,New Subtype 1,New Subtype 2,New Subtype 3,New Subtype 4,New Subtype 5
bb383yy1645,tb053xc7429,Text,Journal/periodical issue,,,,
bb897qk3019,xn235kn0506,Text,Correspondence,Government document,,,
bb926bm7956,xm889sd1281,Text,Journal/periodical issue,,,,
bd257ry0198,rr255gf6892,Text,Report,Documentation,,,
bd378sq3542,xm889sd1281,Text,Journal/periodical issue,,,,
bf204zh4739,tb053xc7429,Text,Journal/periodical issue,,,,
bf574nq8973,tb053xc7429,Text,Journal/periodical issue,,,,
bg389cr2757,pf670qd3191,Image,Poster,Data,Text,,
bg476qg1049,pf670qd3191,Image,Poster,Data,Text,,
bg674gb7182,kq629sd5182,Text,Technical report,,,,
bg703xw4858,yw836rh9143,Video,Presentation recording,Unedited recording,Speech,,
bg930gc4574,xm889sd1281,Text,Journal/periodical issue,,,,
bg958dw2659,xm889sd1281,Text,Journal/periodical issue,,,,
bh259kw0760,xm889sd1281,Text,Journal/periodical issue,,,,
bj204fr8183,xm889sd1281,Text,Journal/periodical issue,,,,
bj285rv5005,xm889sd1281,Text,Journal/periodical issue,,,,
bk096pj1080,xf370bb6498,Text,Journal/periodical issue,,,,
bk468mz8701,gm265cj0081,Text,Technical report,,,,
bk826wj7226,xn235kn0506,Text,Correspondence,Government document,Policy brief,,
bm423yc2547,xm889sd1281,Text,Journal/periodical issue,,,,
bm447rk7540,tb053xc7429,Text,Journal/periodical issue,,,,
bn050ms4991,xm889sd1281,Text,Journal/periodical issue,,,,
bn261qk2343,tb053xc7429,Text,Journal/periodical issue,,,,
bn645ms7799,kq629sd5182,Text,Technical report,,,,
bn649xc4390,yw263dq8070,Text,Journal/periodical issue,,,,
bp210jw8496,kx581zg6755,Music,Sound,Sound recording,Performance,,
bp632rg7076,xm889sd1281,Text,Journal/periodical issue,,,,
bp709vr2421,pf670qd3191,Image,Poster,Data,Text,,
bq136mn9632,kq629sd5182,Text,Technical report,,,,
bq514xy6347,rr255gf6892,Text,Report,Documentation,,,
bq768jm5686,tb053xc7429,Text,Journal/periodical issue,,,,
bq949jx3878,rr255gf6892,Text,Report,Documentation,,,
br316sm9663,xm889sd1281,Text,Journal/periodical issue,,,,
br499ng2398,xm889sd1281,Text,Journal/periodical issue,,,,
br953mx9619,kk382jq8063,Image,,,,,
bs212tg9847,tb053xc7429,Text,Journal/periodical issue,,,,
bs961xz3901,px507jb1735,Text,Documentation,,,,
bt723xh0904,pf670qd3191,Image,Poster,Data,Text,,
bt769zd6859,xm889sd1281,Text,Journal/periodical issue,,,,
bw315rz7160,yw836rh9143,Video,Presentation recording,Unedited recording,Speech,,
bx108jk1664,xm889sd1281,Text,Journal/periodical issue,,,,
bx373px9999,pf670qd3191,Image,Poster,Data,Text,,
bx502jf6901,pf670qd3191,Image,Poster,Data,Text,,
by148ps2058,yw836rh9143,Video,Presentation recording,Unedited recording,Speech,,
by245yp0726,xn235kn0506,Text,Correspondence,Government document,,,
by380rc4102,xm889sd1281,Text,Journal/periodical issue,,,,
bz359rz7657,xm889sd1281,Text,Journal/periodical issue,,,,
bz378bh2206,pf670qd3191,Image,Poster,Data,Text,,
bz956qd2228,kq629sd5182,Text,Technical report,,,,
bz974wm9742,xm889sd1281,Text,Journal/periodical issue,,,,
cb005px2815,px507jb1735,Text,Documentation,,,,
cb992hv4552,pf670qd3191,Image,Poster,Data,Text,,
cc379jy0676,tb053xc7429,Text,Journal/periodical issue,,,,
cd039yv5615,gm265cj0081,Text,Technical report,,,,
cd292zy7226,wh620hw5859,Text,Database,Data,Documentation,,
cd914wr4396,xm889sd1281,Text,Journal/periodical issue,,,,
cf162jk7274,pf670qd3191,Image,Poster,Data,Text,,
cf231ff4889,kq629sd5182,Text,Technical report,,,,
cf376gf4387,rr255gf6892,Text,Report,Documentation,,,
cf809wq5049,pf670qd3191,Image,Poster,Data,Text,,
cg586ct8955,pf670qd3191,Image,Poster,Data,Text,,
cj003wk3490,tb053xc7429,Text,Journal/periodical issue,,,,
cj382ft4709,rr255gf6892,Text,Report,Documentation,,,
cj994wv9209,rr255gf6892,Text,Report,Documentation,,,
ck076py9387,rr255gf6892,Text,Report,Documentation,,,
ck693dy1144,qk912vj7408,Text,Report,Data,,,
cm550jb1674,kq629sd5182,Text,Technical report,,,,
cn460fk0298,xm889sd1281,Text,Journal/periodical issue,,,,
cn819tr0613,tb053xc7429,Text,Journal/periodical issue,,,,
cn875dc9408,xm889sd1281,Text,Journal/periodical issue,,,,
cn993nx3357,xm889sd1281,Text,Journal/periodical issue,,,,
cp906cc7121,tb053xc7429,Text,Journal/periodical issue,,,,
cp958nc0432,yw836rh9143,Video,Presentation recording,Unedited recording,Speech,,
cq110bm5728,kq629sd5182,Text,Technical report,,,,
cq590xm3505,pf670qd3191,Image,Poster,Data,Text,,
cq717gy4240,rr255gf6892,Text,Report,Documentation,,,
cr015dr5770,xm889sd1281,Text,Journal/periodical issue,,,,
cr661vw3932,jd276dz9994,Text,Technical report,,,,
cr817wd8815,fk441ps0303,Sound,Podcast,Text,Transcript,,
cs155qh3948,gs860rq5377,Text,Report,,,,
cs292ms1075,pf670qd3191,Image,Poster,Data,Text,,
cs381js3691,tb053xc7429,Text,Journal/periodical issue,,,,
cs579jq2215,tb053xc7429,Text,Journal/periodical issue,,,,
ct541wb0149,wc394gy9058,mixed material,Text,Documentation,,,
ct598mm8754,xm889sd1281,Text,Journal/periodical issue,,,,
ct894pp4012,pf670qd3191,Image,Poster,Data,Text,,
cv150nc6923,pf670qd3191,Image,Poster,Data,Text,,
cv390bb8682,yw836rh9143,Video,Presentation recording,Unedited recording,Speech,,
cv502jy6260,xm889sd1281,Text,Journal/periodical issue,,,,
cw041nc3778,xm889sd1281,Text,Journal/periodical issue,,,,
cw126df4740,kk382jq8063,mixed material,Data,Documentation,Technical report,,
cw160fz7056,tb053xc7429,Text,Journal/periodical issue,,,,
cw165mq3038,pf670qd3191,Image,Poster,Data,Text,,
cw817fg4941,kk382jq8063,Image,,,,,
cx844yp3164,tz959sb6952,Text,White paper,Conference session,,,
cy053yf9224,pf670qd3191,Image,Poster,Data,Text,,
cy187cd2382,xm889sd1281,Text,Journal/periodical issue,,,,
cy677zd4655,tb053xc7429,Text,Journal/periodical issue,,,,
cy684xf6747,xm889sd1281,Text,Journal/periodical issue,,,,
cz459xn4262,hn730ks3626,Text,Presentation slides,Speaker notes,Conference session,,
cz591rp9623,gm265cj0081,Text,Technical report,,,,
db555hf5213,pf670qd3191,Image,Poster,Data,Text,,
db777fc8759,yw836rh9143,Video,Presentation recording,Unedited recording,Speech,,
dc220yd9986,xm889sd1281,Text,Journal/periodical issue,,,,
dc549kt1265,xm889sd1281,Text,Journal/periodical issue,,,,
dc887wj7942,kq629sd5182,Text,Technical report,,,,
dc917qr2688,xm889sd1281,Text,Journal/periodical issue,,,,
dd296jy6860,dn516pt3383,Music,Notated music,,,,
dd355wm4461,tb053xc7429,Text,Journal/periodical issue,,,,
dd405yy5487,tb053xc7429,Text,Journal/periodical issue,,,,
dd485dx1965,xm889sd1281,Text,Journal/periodical issue,,,,
df254tx8069,pf670qd3191,Image,Poster,Data,Text,,
df816jh3272,xm889sd1281,Text,Journal/periodical issue,,,,
df889vq8678,xm889sd1281,Text,Journal/periodical issue,,,,
dg044zk4486,xm889sd1281,Text,Journal/periodical issue,,,,
dg327ng8260,gm265cj0081,Text,Technical report,,,,
dg571mf3348,xm889sd1281,Text,Journal/periodical issue,,,,
dg761fg5284,yw836rh9143,Video,Presentation recording,Unedited recording,Speech,,
dh628mf6603,pf670qd3191,Image,Poster,Data,Text,,
dj108dd7814,kq629sd5182,Text,Technical report,,,,
dj381wk8188,pf670qd3191,Image,Poster,Data,Text,,
dj561gb3422,kq629sd5182,Text,Technical report,,,,
dj976ms2312,kq629sd5182,Text,Technical report,Documentation,,,
dk032cr3378,xm889sd1281,Text,Journal/periodical issue,,,,
dk327by1341,tb053xc7429,Text,Journal/periodical issue,,,,
dk711xt5587,gm265cj0081,Text,Technical report,,,,
dm163yx0795,xn235kn0506,Text,Correspondence,Government document,,,
dm242zn8219,gm265cj0081,Text,Technical report,,,,
dm781nw8672,kq629sd5182,Text,Technical report,,,,
dn420yv4089,xm889sd1281,Text,Journal/periodical issue,,,,
dn451hw0793,pf670qd3191,Image,Poster,Data,Text,,
dn859rk4607,px507jb1735,Text,Documentation,,,,
dp151fd3984,df918cs3825,"software, multimedia",Data,Technical report,,,
dp415kv4658,xm889sd1281,Text,Journal/periodical issue,,,,
dp886ky3020,rr255gf6892,Text,Report,Documentation,,,
dq747vk7973,tb053xc7429,Text,Journal/periodical issue,,,,
dq859zk0455,xm889sd1281,Text,Journal/periodical issue,,,,
dr163jr5503,xm889sd1281,Text,Journal/periodical issue,,,,
dr224dj7512,kq629sd5182,Text,Technical report,,,,
dr344gn4050,xn235kn0506,Text,Correspondence,Government document,,,
ds101gb8924,xn235kn0506,Text,Government document,Documentation,,,
ds220tf4389,pf670qd3191,Image,Poster,Data,Text,,
ds987hd4949,mp757fq0674,Video,Documentation,,,,
dt026vw5129,gm265cj0081,Text,Technical report,,,,
dt736vx2155,xm889sd1281,Text,Journal/periodical issue,,,,
dv013kz7887,hn730ks3626,Text,White paper,,,,
dv470cf8833,xm889sd1281,Text,Journal/periodical issue,,,,
dv518bd5967,gm265cj0081,Text,Technical report,,,,
dv537dc2889,qk912vj7408,Text,Presentation slides,Data,Image,,
dv714wg9962,xm889sd1281,Text,Journal/periodical issue,,,,
dv887rq3278,xm889sd1281,Text,Journal/periodical issue,,,,
dw280pw6614,xm889sd1281,Text,Journal/periodical issue,,,,
dw464nx2179,tz959sb6952,Text,White paper,Conference session,,,
dw517vs9217,tb053xc7429,Text,Journal/periodical issue,,,,
dw947kz5195,kq629sd5182,Text,Technical report,,,,
dx054yk3885,pf670qd3191,Image,Poster,Data,Text,,
dx322zg3974,pf670qd3191,Image,Poster,Data,Text,,
dx545yr6670,pf670qd3191,Image,Poster,Data,Text,,
dy270yj7833,kq629sd5182,Text,Technical report,,,,
dy300bb9283,pf670qd3191,Image,Poster,Data,Text,,
dy344zb9809,rr255gf6892,Text,Report,Documentation,,,
dy485cq9273,xm889sd1281,Text,Journal/periodical issue,,,,
dy842nd6276,pf670qd3191,Image,Poster,Data,Text,,
dz214cf9700,kq629sd5182,Text,Technical report,,,,
fb016sc4943,fk441ps0303,Sound,Podcast,Text,Transcript,,
fb730mz2650,tb053xc7429,Text,Journal/periodical issue,,,,
fb872mg3286,cm018rf5314,"software, multimedia",Data,,,,
fc099hs7837,tb053xc7429,Text,Journal/periodical issue,,,,
fc494qg1855,pf670qd3191,Image,Poster,Data,Text,,
fd138vs6694,xm889sd1281,Text,Journal/periodical issue,,,,
fd469js9513,xn235kn0506,Text,Correspondence,Government document,,,
fd558bs2796,xm889sd1281,Text,Journal/periodical issue,,,,
fg669yz4872,tb053xc7429,Text,Journal/periodical issue,,,,
fg851fy8121,gm265cj0081,Text,Technical report,,,,
fh358km6992,tb053xc7429,Text,Journal/periodical issue,,,,
fh360gs4416,tb053xc7429,Text,Journal/periodical issue,,,,
fh690nc7433,pf670qd3191,Image,Poster,Data,Text,,
fh902gs6248,tb053xc7429,Text,Journal/periodical issue,,,,
fj128wr7696,xm889sd1281,Text,Journal/periodical issue,,,,
fj456yz0086,pf670qd3191,Image,Poster,Data,Text,,
fj714bz6352,wc394gy9058,mixed material,Text,Documentation,Database,,
fk075rp5297,pg007dt6713,Text,Government document,Report,Ethnography,,
fk278kj3254,gm265cj0081,Text,Technical report,,,,
fk493cr1310,xn235kn0506,Text,Correspondence,Government document,,,
fm786kc4210,xm889sd1281,Text,Journal/periodical issue,,,,
fn465dw9782,xm889sd1281,Text,Journal/periodical issue,,,,
fn608sh0928,rr255gf6892,Text,Report,Documentation,,,
fn610tq0264,pf670qd3191,Image,Poster,Data,Text,,
fn908qp3812,tb053xc7429,Text,Journal/periodical issue,,,,
fp015cm7917,kq629sd5182,Text,Technical report,,,,
fp609rp3000,xm889sd1281,Text,Journal/periodical issue,,,,
fp753fn3732,pf670qd3191,Image,Poster,Data,Text,,
fp759qt8876,gm265cj0081,Text,Technical report,,,,
fp834ty0524,nr325kt8685,Text,Report,,,,
fq428pg8700,pf670qd3191,Image,Poster,Data,Text,,
fr255ss8264,pn826mx7934,Music,Sound,Sound recording,Experimental audio/video,,
fr955mm8067,xm889sd1281,Text,Journal/periodical issue,,,,
fs139jt1720,rr255gf6892,Text,Report,Documentation,,,
fs387zf7235,tg242xv5347,Text,Technical report,Manuscript,,,
fs506ff9976,mm346cv9110,"software, multimedia",Code,Data,,,
fs604dj8228,rr255gf6892,Text,Report,Documentation,,,
fs705pc2615,kq629sd5182,Text,Technical report,,,,
fs784sq5142,pf670qd3191,Image,Poster,Data,Text,,
ft295fb4704,rr255gf6892,Text,Report,Documentation,,,
ft303rz1634,xm889sd1281,Text,Journal/periodical issue,,,,
ft354dk7202,fk441ps0303,Sound,Podcast,,,,
ft527vn8231,cb946pf0135,Text,Government document,Data,,,
ft632dg1998,wt021dc3029,Data,Data,Documentation,,,
fv185pk5603,tb053xc7429,Text,Journal/periodical issue,,,,
fv281yr5961,qq279mc0438,Text,Documentation,,,,
fv380vf8139,pf670qd3191,Image,Poster,Data,Text,,
fv398xd2044,rr255gf6892,Text,Report,Documentation,,,
fv941xg6266,kq629sd5182,Text,Technical report,,,,
fw232pt5773,pg007dt6713,Text,Government document,Report,Data,,
fw441vr4274,pf670qd3191,Image,Poster,Data,Text,,
fw589fr1729,gm265cj0081,Text,Technical report,,,,
fw597ff2909,xm889sd1281,Text,Journal/periodical issue,,,,
fw748tv7909,xm889sd1281,Text,Journal/periodical issue,,,,
fw967dn6571,xm889sd1281,Text,Journal/periodical issue,,,,
fx000fk3114,rr255gf6892,Text,Report,Documentation,,,
fx321wr0163,tb053xc7429,Text,Journal/periodical issue,,,,
fx428kp6136,pf670qd3191,Image,Poster,Data,Text,,
fx440fg9601,mm346cv9110,"software, multimedia",Code,Data,,,
fx773dp5731,tb053xc7429,Text,Journal/periodical issue,,,,
fy212rn0422,tb053xc7429,Text,Journal/periodical issue,,,,
fy230hk7957,xm889sd1281,Text,Journal/periodical issue,,,,
fy320xn2931,rr255gf6892,Text,Report,Documentation,,,
fy799pw0096,kq629sd5182,Text,Technical report,,,,
fy930mq3471,yw836rh9143,Video,Presentation recording,Unedited recording,Speech,,
fz217yn3855,pf670qd3191,Image,Poster,Data,Text,,
fz511bb3962,xm889sd1281,Text,Journal/periodical issue,,,,
gb572dc5913,rr255gf6892,Text,Report,Documentation,,,
gc168xv3566,pf670qd3191,Image,Poster,Data,Text,,
gd455wp4677,rr255gf6892,Text,Report,Documentation,,,
gd770py3231,xn235kn0506,Text,Correspondence,Government document,,,
gd975fh8261,xn235kn0506,Text,Government document,Correspondence,,,
gf207by4123,pf670qd3191,Image,Poster,Data,Text,,
gg216tj2233,xm889sd1281,Text,Journal/periodical issue,,,,
gh464bd4810,pf670qd3191,Image,Poster,Data,Text,,
gh470hv2652,xm889sd1281,Text,Journal/periodical issue,,,,
gh880qx4380,rr255gf6892,Text,Report,Documentation,,,
gj036qh8022,xn235kn0506,Text,Correspondence,Government document,,,
gj812wy1418,xm889sd1281,Text,Journal/periodical issue,,,,
gj829jf9749,pf670qd3191,Image,Poster,Data,Text,,
gk021wt1576,tb053xc7429,Text,Journal/periodical issue,,,,
gk257xf6317,kq629sd5182,Text,Technical report,,,,
gk408gx2285,xm889sd1281,Text,Journal/periodical issue,,,,
gk961zd7054,sw888kf0958,Text,Working paper,Documentation,,,
gm258tw7523,xm889sd1281,Text,Journal/periodical issue,,,,
gm402ft1737,rr255gf6892,Text,Report,Documentation,,,
gn469kd5642,xm889sd1281,Text,Journal/periodical issue,,,,
gn685zr6853,xm889sd1281,Text,Journal/periodical issue,,,,
gn933tj2684,pf670qd3191,Image,Poster,Data,Text,,
gp379bc1073,xm889sd1281,Text,Journal/periodical issue,,,,
gp769cq3718,gs860rq5377,Text,Presentation slides,Documentation,,,
gq464gn4141,pf670qd3191,Image,Poster,Data,Text,,
gq661wq7355,kz183md9682,Music,Notated music,Sound recording,,,
gq687gq1956,tb053xc7429,Text,Journal/periodical issue,,,,
gq839ym6983,pn826mx7934,Music,Sound,Sound recording,Experimental audio/video,,
gq933wy1656,kq629sd5182,Text,Technical report,,,,
gr399bp0535,pf670qd3191,Image,Poster,Data,Text,,
gr767nd3884,gs860rq5377,Text,Data,Report,,,
gr928hr3653,px507jb1735,Text,Documentation,,,,
gr943cs3929,yw836rh9143,Video,Presentation recording,Unedited recording,Speech,,
gs484gm3387,xm889sd1281,Text,Journal/periodical issue,,,,
gs631qt8511,px507jb1735,Text,Documentation,,,,
gs792qn1332,dn516pt3383,Music,Notated music,Sound recording,,,
gs917cd4044,xm889sd1281,Text,Journal/periodical issue,,,,
gt702rn1905,tb053xc7429,Text,Journal/periodical issue,,,,
gt921ck4066,nj669yc9949,Text,Conference session,Presentation slides,,,
gt961ww1337,xm889sd1281,Text,Journal/periodical issue,,,,
gv732wh5892,gm265cj0081,Text,Technical report,,,,
gv819bm4746,xm889sd1281,Text,Journal/periodical issue,,,,
gw149dx2437,pf670qd3191,Image,Poster,Data,Text,,
gw177bx5881,gm265cj0081,Text,Technical report,,,,
gw263vd1494,pf670qd3191,Image,Poster,Data,Text,,
gw697cc5138,kq629sd5182,Text,Technical report,,,,
gw699mw4819,xm889sd1281,Text,Journal/periodical issue,,,,
gx269gj9937,pf670qd3191,Image,Poster,Data,Text,,
gx479bb7600,gm265cj0081,Text,Technical report,,,,
gy070km4725,tb053xc7429,Text,Journal/periodical issue,,,,
gy781rq7851,dn516pt3383,Music,Notated music,Sound recording,,,
gy971fh5124,xm889sd1281,Text,Journal/periodical issue,,,,
gz224ym2826,xm889sd1281,Text,Journal/periodical issue,,,,
gz328zj2033,pf670qd3191,Image,Poster,Data,Text,,
gz384sy3895,kq629sd5182,Text,Technical report,,,,
gz470zr9389,pf670qd3191,Image,Poster,Data,Text,,
gz907sy6836,xm889sd1281,Text,Journal/periodical issue,,,,
hb487pj0540,tb053xc7429,Text,Journal/periodical issue,,,,
hb602ss8567,pf670qd3191,Image,Poster,Data,Text,,
hb695rx7815,yw836rh9143,Video,Presentation recording,Unedited recording,Speech,,
hc083hq2482,tb053xc7429,Text,Journal/periodical issue,,,,
hc150bf2294,xm889sd1281,Text,Journal/periodical issue,,,,
hc201tk2429,kq629sd5182,Text,Technical report,,,,
hc923xg4969,tb053xc7429,Text,Journal/periodical issue,,,,
hd302yz0755,ts832qz8693,Image,Documentation,,,,
hd588yd8158,rr255gf6892,Text,Report,Documentation,,,
hd891sp6419,pf670qd3191,Image,Poster,Data,Text,,
hf129fy0864,xm889sd1281,Text,Journal/periodical issue,,,,
hg178nj7348,xm889sd1281,Text,Journal/periodical issue,,,,
hg417tz8625,pf670qd3191,Image,Poster,Data,Text,,
hg812zv5369,pf670qd3191,Image,Poster,Data,Text,,
hh392rb1444,xm889sd1281,Text,Journal/periodical issue,,,,
hj313jk9829,xm889sd1281,Text,Journal/periodical issue,,,,
hj557by5566,xm889sd1281,Text,Journal/periodical issue,,,,
hj587ty4019,xm889sd1281,Text,Journal/periodical issue,,,,
hj658hs6094,xm889sd1281,Text,Journal/periodical issue,,,,
hj708wq4086,fk441ps0303,Sound,Podcast,Text,Transcript,,
hj902zk0146,xm889sd1281,Text,Journal/periodical issue,,,,
hk278sd8724,pf670qd3191,Image,Poster,Data,Text,,
hk299tc9775,wt021dc3029,Data,Data,Documentation,,,
hk349dn1751,ts832qz8693,Text,Documentation,,,,
hk397dr9783,gm265cj0081,Text,Technical report,,,,
hk750kf9704,xm889sd1281,Text,Journal/periodical issue,,,,
hk941pc2056,xm889sd1281,Text,Journal/periodical issue,,,,
hk947yx8059,hn730ks3626,Text,Journal/periodical issue,,,,
hk996mt1698,pf670qd3191,Image,Poster,Data,Text,,
hm222bn8688,gm265cj0081,Text,Technical report,,,,
hm365tk3950,xm889sd1281,Text,Journal/periodical issue,,,,
hm542ck5456,px507jb1735,Text,Documentation,,,,
hm894gc1169,tb053xc7429,Text,Journal/periodical issue,,,,
hm912dt3326,pf670qd3191,Image,Poster,Data,Text,,
hm991rt5124,gm265cj0081,Text,Technical report,,,,
hn815zw3077,xm889sd1281,Text,Journal/periodical issue,,,,
hn951xz7163,rr255gf6892,Text,Report,Documentation,,,
hp320vd8917,tb053xc7429,Text,Journal/periodical issue,,,,
hp385ny7420,xm889sd1281,Text,Journal/periodical issue,,,,
hp404xc0832,pf670qd3191,Image,Poster,Data,Text,,
hp417kx9468,pf670qd3191,Image,Poster,Data,Text,,
hp681xr3191,pf670qd3191,Image,Poster,Data,Text,,
hp784ff9084,xm889sd1281,Text,Journal/periodical issue,,,,
hp802gp8515,hn730ks3626,Image,Poster,Data,Conference session,,
hq633wk7039,xm889sd1281,Text,Journal/periodical issue,,,,
hq641ft6061,xm889sd1281,Text,Journal/periodical issue,,,,
hr164cj1609,pf670qd3191,Image,Poster,Data,Text,,
hr645qb3218,xm889sd1281,Text,Journal/periodical issue,,,,
hr779ks3922,tb053xc7429,Text,Journal/periodical issue,,,,
hr953jr8589,xm889sd1281,Text,Journal/periodical issue,,,,
hs429mr6109,gm265cj0081,Text,Technical report,,,,
hs463hp0639,zm381kw7359,Sound,Sound recording,Ethnography,Transcript,,
ht028rw8503,pf670qd3191,Image,Poster,Data,Text,,
ht529hk3087,xm889sd1281,Text,Journal/periodical issue,,,,
ht888wc1129,tb053xc7429,Text,Journal/periodical issue,,,,
hv067fz0150,tb053xc7429,Text,Journal/periodical issue,,,,
hv294dn2466,pf670qd3191,Image,Poster,Data,Text,,
hv473vt5739,xm889sd1281,Text,Journal/periodical issue,,,,
hv499jt2305,xm889sd1281,Text,Journal/periodical issue,,,,
hw224gz8630,xm889sd1281,Text,Journal/periodical issue,,,,
hw943rc1192,xm889sd1281,Text,Journal/periodical issue,,,,
hx382vg0150,gm265cj0081,Text,Technical report,,,,
hx604qf6123,pf670qd3191,Image,Poster,Data,Text,,
hy186qk4078,pf670qd3191,Image,Poster,Data,Text,,
hy595rs3211,pf670qd3191,Image,Poster,Data,Text,,
hy765sn3012,pf670qd3191,Image,Poster,Data,Text,,
hy916cf2067,pf670qd3191,Image,Poster,Data,Text,,
hy929hg5110,rr255gf6892,Text,Report,Documentation,,,
hz541vw7191,tb053xc7429,Text,Journal/periodical issue,,,,
hz624jy4688,rr255gf6892,Text,Report,Documentation,,,
hz989kd3105,tb053xc7429,Text,Journal/periodical issue,,,,
jb405pm1034,xm889sd1281,Text,Journal/periodical issue,,,,
jb425nh0933,tb053xc7429,Text,Journal/periodical issue,,,,
jc088cp1215,pf670qd3191,Image,Poster,Data,Text,,
jc152df6888,gm265cj0081,Text,Technical report,,,,
jc438dy7451,xm889sd1281,Text,Journal/periodical issue,,,,
jc469kd5451,pf670qd3191,Image,Poster,Data,Text,,
jd045wt1319,gm265cj0081,Text,Technical report,,,,
jd706kd1921,pf670qd3191,Image,Poster,Data,Text,,
jf039vj8883,tb053xc7429,Text,Journal/periodical issue,,,,
jf097kr4410,xm889sd1281,Text,Journal/periodical issue,,,,
jf401xk8707,xm889sd1281,Text,Journal/periodical issue,,,,
jf531rj9346,pf670qd3191,Image,Poster,Data,Text,,
jf821kb0575,pf670qd3191,Image,Poster,Data,Text,,
jg173yf3259,tb053xc7429,Text,Journal/periodical issue,,,,
jg310fb4730,pf670qd3191,Image,Poster,Data,Text,,
jg324zj2303,xm889sd1281,Text,Journal/periodical issue,,,,
jg934dz2688,tb053xc7429,Text,Journal/periodical issue,,,,
jh308mn8859,xm889sd1281,Text,Journal/periodical issue,,,,
jh465tf8657,tb053xc7429,Text,Journal/periodical issue,,,,
jh586pf2023,xm889sd1281,Text,Journal/periodical issue,,,,
jh675fb0347,xm889sd1281,Text,Journal/periodical issue,,,,
jj055rs9565,pf670qd3191,Image,Poster,Data,Text,,
jk858kv5920,tb053xc7429,Text,Journal/periodical issue,,,,
jm078pp3512,xm889sd1281,Text,Journal/periodical issue,,,,
jm147vg7670,xm889sd1281,Text,Journal/periodical issue,,,,
jm382km7468,tb053xc7429,Text,Journal/periodical issue,,,,
jm387ks0421,xm889sd1281,Text,Journal/periodical issue,,,,
jm506cg2192,xm889sd1281,Text,Journal/periodical issue,,,,
jm692nq7002,rr255gf6892,Text,Report,Documentation,,,
jn047sr8992,xm889sd1281,Text,Journal/periodical issue,,,,
jp074qs7362,pf670qd3191,Image,Poster,Data,Text,,
jp338jp9612,xm889sd1281,Text,Journal/periodical issue,,,,
jp370cp3463,xm889sd1281,Text,Journal/periodical issue,,,,
jp696kt6740,tb053xc7429,Text,Journal/periodical issue,,,,
jp938zf3925,kq629sd5182,Text,Technical report,,,,
jq372xy5848,tb053xc7429,Text,Journal/periodical issue,,,,
jq724wy9856,xm889sd1281,Text,Journal/periodical issue,,,,
jq916fc0388,xm889sd1281,Text,Journal/periodical issue,,,,
jr426sf0743,rr255gf6892,Text,Report,Documentation,,,
js548xh6200,tb053xc7429,Text,Journal/periodical issue,,,,
js780pq1046,gm265cj0081,Text,Technical report,,,,
jt476kt9091,kv708vv4482,Text,Presentation slides,Speaker notes,Conference session,,
jt515yr4631,tb053xc7429,Text,Journal/periodical issue,,,,
jt538gk0858,kq629sd5182,Text,Technical report,,,,
jv041dq9052,px507jb1735,Text,Documentation,,,,
jv334kb2556,pf670qd3191,Image,Poster,Data,Text,,
jv340xf2222,xm889sd1281,Text,Journal/periodical issue,,,,
jv462cj4402,xm889sd1281,Text,Journal/periodical issue,,,,
jv496sb9848,yw836rh9143,Video,,,,,
jv704br7569,xm889sd1281,Text,Journal/periodical issue,,,,
jv968ss0744,xm889sd1281,Text,Journal/periodical issue,,,,
jw119rc4783,xm889sd1281,Text,Journal/periodical issue,,,,
jw138jz6718,gs860rq5377,Text,White paper,Ethnography,,,
jx225zq1407,hn730ks3626,Image,Poster,Data,Documentation,Conference session,
jx733vk6861,pf670qd3191,Image,Poster,Data,Text,,
jx805mb7872,rr255gf6892,Text,Report,Documentation,,,
jx857dp6014,kq629sd5182,Text,Technical report,,,,
jy090tm9223,gm265cj0081,Text,Technical report,,,,
jy636dp3094,tb053xc7429,Text,Journal/periodical issue,,,,
jy645rc0297,rr255gf6892,Text,Report,Documentation,,,
jy809wr3943,px507jb1735,Text,Documentation,,,,
jz088xy0649,kq629sd5182,Text,Technical report,,,,
jz166db0490,pf670qd3191,Image,Poster,Data,Text,,
jz224zp1899,bw522zz4583,Text,Course/instructional materials,Working paper,,,
jz229xc1843,pf670qd3191,Image,Poster,Data,Text,,
jz283tf0756,pf670qd3191,Image,Poster,Data,Text,,
jz286cq5647,xm889sd1281,Text,Journal/periodical issue,,,,
jz485hm8771,xm889sd1281,Text,Journal/periodical issue,,,,
jz546ky4132,kq629sd5182,Text,Technical report,,,,
jz783nn2040,xm889sd1281,Text,Journal/periodical issue,,,,
jz837ys6174,xm889sd1281,Text,Journal/periodical issue,,,,
kb217tv3371,yw836rh9143,Video,Presentation recording,Unedited recording,Speech,,
kb461gs0015,wv537kq6898,Image,Journal/periodical issue,Preprint,,,
kb563dm7664,kq629sd5182,Text,Technical report,Code,,,
kc207pj3289,tb053xc7429,Text,Journal/periodical issue,,,,
kc435mc6282,wt021dc3029,Data,Data,Documentation,,,
kc518qb4971,xm889sd1281,Text,Journal/periodical issue,,,,
kc668vr8560,xm889sd1281,Text,Journal/periodical issue,,,,
kc776jq4465,tb053xc7429,Text,Journal/periodical issue,,,,
kc916bs2556,xm889sd1281,Text,Journal/periodical issue,,,,
kc938ky0056,tb053xc7429,Text,Journal/periodical issue,,,,
kd111tb1513,gm265cj0081,Text,Technical report,,,,
kd607zj7853,yw836rh9143,Video,Presentation recording,Unedited recording,Speech,,
kd869pc4025,pf670qd3191,Image,Poster,Data,Text,,
kf093xq4788,pf670qd3191,Image,Poster,Data,Text,,
kf409vv3104,xm889sd1281,Text,Journal/periodical issue,,,,
kf452vh2111,pn808wc6253,Image,Photograph,Technical report,,,
kf505sy8748,xm889sd1281,Text,Journal/periodical issue,,,,
kf922hm3554,dn516pt3383,Music,Notated music,Sound recording,,,
kg176mt1011,xm889sd1281,Text,Journal/periodical issue,,,,
kg333zq1138,nc548gj3912,mixed material,Article,Poster,Image,,
kg566rw2947,tb053xc7429,Text,Journal/periodical issue,,,,
kh419rj2062,rr255gf6892,Text,Report,Documentation,,,
kj524jq9238,xm889sd1281,Text,Journal/periodical issue,,,,
kj777pd7409,fk441ps0303,Sound,Podcast,Text,Transcript,,
kk547qw0227,tb053xc7429,Text,Journal/periodical issue,,,,
kk645gv9631,tg242xv5347,Text,Technical report,Manuscript,,,
kk787tr0076,yw836rh9143,Video,Presentation recording,Unedited recording,Speech,,
kk987nw5252,pf670qd3191,Image,Poster,Data,Text,,
km199fq2766,jd276dz9994,mixed material,Documentation,Code,Data,Text,
km218bj5664,xm889sd1281,Text,Journal/periodical issue,,,,
km867zh4617,fk441ps0303,Sound,Podcast,Text,Transcript,,
km931fg6891,xm889sd1281,Text,Journal/periodical issue,,,,
kn309hw1139,px507jb1735,Text,Documentation,,,,
kn657nb4863,xm889sd1281,Text,Journal/periodical issue,,,,
kn739yp2655,rr255gf6892,Text,Report,Documentation,,,
kp675nj5063,pf670qd3191,Image,Poster,Data,Text,,
kp784pd6282,px507jb1735,Text,Documentation,,,,
kq078yq1225,fk441ps0303,Sound,Podcast,Text,Transcript,,
kq124th3300,pf670qd3191,Image,Poster,Data,Text,,
kq227vw2007,kq629sd5182,Text,Technical report,,,,
kq525nm1692,cb946pf0135,Text,Government document,Data,,,
kq705gc1840,pf670qd3191,Image,Poster,Data,Text,,
ks039tz0084,pf670qd3191,Image,Poster,Data,Text,,
ks528mj7577,tb053xc7429,Text,Journal/periodical issue,,,,
kt361vz8721,pf670qd3191,Image,Poster,Data,Text,,
kv833xs9170,fk441ps0303,Sound,Podcast,,,,
kv864qh1983,xm889sd1281,Text,Journal/periodical issue,,,,
kw169cw9976,hn807kb3349,mixed material,Article,Sound recording,Conference session,,
kw319xt6304,gm265cj0081,Text,Technical report,,,,
kw368cc7259,xm889sd1281,Text,Journal/periodical issue,,,,
kw513hw5712,pf670qd3191,Image,Poster,Data,Text,,
kx842cv0827,pf670qd3191,Image,Poster,Data,Text,,
ky305hk4862,pf670qd3191,Image,Poster,Data,Text,,
kz399yh9465,kq629sd5182,Text,Technical report,,,,
kz438vp2289,xm889sd1281,Text,Journal/periodical issue,,,,
kz695ry7359,tb053xc7429,Text,Journal/periodical issue,,,,
mb034bm1211,tb053xc7429,Text,Journal/periodical issue,,,,
mb544hn1595,xm889sd1281,Text,Journal/periodical issue,,,,
mb585bc5856,xm889sd1281,Text,Journal/periodical issue,,,,
mc387ng9724,gm265cj0081,Text,Technical report,,,,
mc698py9598,xm889sd1281,Text,Journal/periodical issue,,,,
md355rj5765,yw836rh9143,Video,Presentation recording,Unedited recording,Speech,,
md466wp1432,xm889sd1281,Text,Journal/periodical issue,,,,
mf368my9588,xm889sd1281,Text,Journal/periodical issue,,,,
mg184fn7776,pf670qd3191,Image,Poster,Data,Text,,
mg647xz2725,dh544bj2035,Image,Map,,,,
mh194vj6733,mm346cv9110,"software, multimedia",Code,Data,,,
mh739nh1569,tb053xc7429,Text,Journal/periodical issue,,,,
mj207jj0441,pf670qd3191,Image,Poster,Data,Text,,
mj545rs5260,tb053xc7429,Text,Journal/periodical issue,,,,
mk750cq3666,tb053xc7429,Text,Journal/periodical issue,,,,
mk991cw1850,kq629sd5182,Text,Technical report,,,,
mm078pt7198,wc394gy9058,mixed material,Text,Documentation,Database,,
mm457dq7508,xn235kn0506,Text,Correspondence,Government document,,,
mm546fr3890,tb053xc7429,Text,Journal/periodical issue,,,,
mn521kw5258,hm410dp4419,Text,Documentation,Conference session,,,
mn651kk1435,xm889sd1281,Text,Journal/periodical issue,,,,
mn788qz1819,pf670qd3191,Image,Poster,Data,Text,,
mn924yq5475,pf670qd3191,Image,Poster,Data,Text,,
mn973mz7665,rr255gf6892,Text,Report,Documentation,,,
mp282fy8914,tb053xc7429,Text,Journal/periodical issue,,,,
mp525zt3982,xm889sd1281,Text,Journal/periodical issue,,,,
mq009wj1345,tb053xc7429,Text,Journal/periodical issue,,,,
mq032zn9612,xm889sd1281,Text,Journal/periodical issue,,,,
mq478qt9047,xm889sd1281,Text,Journal/periodical issue,,,,
mq494nq9225,yw836rh9143,Video,Presentation recording,Unedited recording,Speech,,
mq526kg7912,pf670qd3191,Image,Poster,Data,Text,,
mq698kz6294,tb053xc7429,Text,Journal/periodical issue,,,,
mr073sg8176,pf670qd3191,Image,Poster,Data,Text,,
ms077fq0155,xm889sd1281,Text,Journal/periodical issue,,,,
ms520xm6851,pf670qd3191,Image,Poster,Data,Text,,
mt008xj7556,pf670qd3191,Image,Poster,Data,Text,,
mt383sb2445,gm265cj0081,Text,Technical report,,,,
mv421rg3034,tz959sb6952,Text,White paper,Conference session,,,
mw587yj5628,px507jb1735,Text,Documentation,,,,
mw665zp7784,xm889sd1281,Text,Journal/periodical issue,,,,
mx504pk1351,tb053xc7429,Text,Journal/periodical issue,,,,
mx814rh9820,pf670qd3191,Image,Poster,Data,Text,,
mx906mx2928,xm889sd1281,Text,Journal/periodical issue,,,,
my191wh8047,tb053xc7429,Text,Journal/periodical issue,,,,
my411fn2548,xm889sd1281,Text,Journal/periodical issue,,,,
my781gn0843,xm889sd1281,Text,Journal/periodical issue,,,,
mz094pj9883,yw836rh9143,Video,Presentation recording,Unedited recording,Speech,,
mz129gm4554,gm265cj0081,Text,Technical report,,,,
mz814jm6787,px507jb1735,Text,Documentation,,,,
nb394fx6728,xm889sd1281,Text,Journal/periodical issue,,,,
nb840zt5577,rr255gf6892,Text,Report,Documentation,,,
nc252tb5917,px507jb1735,Text,Documentation,,,,
nc661tt5414,rr255gf6892,Text,Report,Documentation,,,
nc687wp9057,pf670qd3191,Image,Poster,Data,Text,,
nd302br3459,xm889sd1281,Text,Journal/periodical issue,,,,
nd391jb6114,rr255gf6892,Text,Report,Documentation,,,
nd610jx0639,kk382jq8063,Image,,,,,
nd703th5639,tb053xc7429,Text,Journal/periodical issue,,,,
nf022pf4822,xm889sd1281,Text,Journal/periodical issue,,,,
nf553nc0980,px507jb1735,Text,Documentation,,,,
ng049qw3045,xf370bb6498,Text,Journal/periodical issue,,,,
ng369hg5210,pf670qd3191,Image,Poster,Data,Text,,
ng519mf8227,xm889sd1281,Text,Journal/periodical issue,,,,
ng777pg7303,tb053xc7429,Text,Journal/periodical issue,,,,
ng858zt7694,rr255gf6892,Text,Report,Documentation,,,
nh103yw3374,xm889sd1281,Text,Journal/periodical issue,,,,
nh510hh1287,zm381kw7359,Sound,Sound recording,Ethnography,,,
nh560hz2167,kq629sd5182,Text,Technical report,,,,
nh700jm0995,pf670qd3191,Image,Poster,Data,Text,,
nj759dn4742,gs860rq5377,Text,Report,,,,
nj960zj4687,pf670qd3191,Image,Poster,Data,Text,,
nk022bh5173,pf670qd3191,Image,Poster,Data,Text,,
nk124tm2138,pf670qd3191,Image,Poster,Data,Text,,
nk436sr5232,gs860rq5377,Text,Government document,Presentation slides,,,
nk640gf2212,wt021dc3029,Data,Data,Documentation,,,
nk871kb8163,pf670qd3191,Image,Poster,Data,Text,,
nm054sz0106,pf670qd3191,Image,Poster,Data,Text,,
nm285bw4093,kq629sd5182,Text,Technical report,,,,
nm343yx9304,px507jb1735,Text,Documentation,,,,
nm468dw8286,tg242xv5347,Text,Technical report,Manuscript,,,
nm707bz6435,xm889sd1281,Text,Journal/periodical issue,,,,
nm869mb8618,tb053xc7429,Text,Journal/periodical issue,,,,
nn760bj8992,gm265cj0081,Text,Technical report,,,,
np081xk9327,hm410dp4419,Text,Documentation,Manuscript,,,
np593hp3407,xm889sd1281,Text,Journal/periodical issue,,,,
np662jh1568,xm889sd1281,Text,Journal/periodical issue,,,,
np880th0609,fk441ps0303,Sound,Podcast,Text,Transcript,,
nq056kr6430,gm265cj0081,Text,Technical report,,,,
nq175vk2126,xm889sd1281,Text,Journal/periodical issue,,,,
nq494fm2382,xm889sd1281,Text,Journal/periodical issue,,,,
nq599yh4588,xm889sd1281,Text,Journal/periodical issue,,,,
nq663dd0788,xm889sd1281,Text,Journal/periodical issue,,,,
nq936pd8334,fk441ps0303,Sound,Podcast,Text,Transcript,,
nr242xt5063,tb053xc7429,Text,Journal/periodical issue,,,,
nr633pm4192,xm889sd1281,Text,Journal/periodical issue,,,,
ns139rf5407,xm889sd1281,Text,Journal/periodical issue,,,,
ns197jk3080,gm265cj0081,Text,Technical report,,,,
ns731nj4483,kq629sd5182,Text,Technical report,,,,
ns965bn7910,tb053xc7429,Text,Journal/periodical issue,,,,
nt336zt8603,tb053xc7429,Text,Journal/periodical issue,,,,
nt419dp2533,xm889sd1281,Text,Journal/periodical issue,,,,
nt853fk0668,tb053xc7429,Text,Journal/periodical issue,,,,
nt914gb2661,xm889sd1281,Text,Journal/periodical issue,,,,
nv161px2238,rr255gf6892,Text,Report,Documentation,,,
nv321sn4449,xm889sd1281,Text,Journal/periodical issue,,,,
nv468td2285,hn730ks3626,Text,Presentation slides,Conference session,,,
nv478dv5504,xm889sd1281,Text,Journal/periodical issue,,,,
nv657tt7387,gs860rq5377,Text,Presentation slides,Report,,,
nv826rv0137,tb053xc7429,Text,Journal/periodical issue,,,,
nw502rf3483,xm889sd1281,Text,Journal/periodical issue,,,,
nx154vr9500,xn235kn0506,Text,Correspondence,Government document,,,
ny414gc8742,xm889sd1281,Text,Journal/periodical issue,,,,
ny703sg0564,vw848pw8430,Music,Sound,,,,
ny776ds5863,px507jb1735,Text,Documentation,,,,
nz130df5611,pf670qd3191,Image,Poster,Data,Text,,
nz225pf3534,tb053xc7429,Text,Journal/periodical issue,,,,
nz243wr1935,pf670qd3191,Image,Poster,Data,Text,,
nz456js1516,pf670qd3191,Image,Poster,Data,Text,,
nz987fv3003,xm889sd1281,Text,Journal/periodical issue,,,,
pb196qg2366,cb946pf0135,Text,Government document,Policy brief,,,
pb387dq4642,tb053xc7429,Text,Journal/periodical issue,,,,
pb771vh1182,gm265cj0081,Text,Technical report,,,,
pc028yh8960,tb053xc7429,Text,Journal/periodical issue,,,,
pc656kw5299,rr255gf6892,Text,Report,Documentation,,,
pc775bk2276,pf670qd3191,Image,Poster,Data,Text,,
pd591dm2642,pf670qd3191,Image,Poster,Data,Text,,
pd812gy3637,pf670qd3191,Image,Poster,Data,Text,,
pf110ws8130,xm889sd1281,Text,Journal/periodical issue,,,,
pf363cv0676,pf670qd3191,Image,Poster,Data,Text,,
pf614mb6934,xm889sd1281,Text,Journal/periodical issue,,,,
pg208qz6479,tb053xc7429,Text,Journal/periodical issue,,,,
pg705fq8727,xm889sd1281,Text,Journal/periodical issue,,,,
pg934cz5905,xm889sd1281,Text,Journal/periodical issue,,,,
ph230vc2183,dn516pt3383,Music,Notated music,Sound recording,,,
ph548xz9766,rr255gf6892,Text,Report,Documentation,,,
ph578wy3530,tb053xc7429,Text,Journal/periodical issue,,,,
ph593rb2535,kq629sd5182,Text,Technical report,,,,
ph594dj5574,gm265cj0081,Text,Technical report,,,,
ph773gq8889,vx401mn2884,Data,Database,Code,,,
pj275ry7540,zm381kw7359,Text,Interview,Transcript,,,
pj369hf5457,hn730ks3626,Sound,Presentation recording,Presentation slides,Conference session,,
pj520dp3696,pf670qd3191,Image,Poster,Data,Text,,
pj778jr3761,xm889sd1281,Text,Journal/periodical issue,,,,
pj982hg7387,xm889sd1281,Text,Journal/periodical issue,,,,
pk003vm1843,xm889sd1281,Text,Journal/periodical issue,,,,
pk257mn8571,xm889sd1281,Text,Journal/periodical issue,,,,
pm577fz3776,pf670qd3191,Image,Poster,Data,Text,,
pn639jr6448,xm889sd1281,Text,Journal/periodical issue,,,,
pn911pf1374,pf670qd3191,Image,Poster,Data,Text,,
pp051jz3331,pf670qd3191,Image,Poster,Data,Text,,
pp200hm2958,yw836rh9143,Video,Presentation recording,Unedited recording,Speech,,
pp537xs8872,xm889sd1281,Text,Journal/periodical issue,,,,
pq014vw1948,xm889sd1281,Text,Journal/periodical issue,,,,
pq074ss3132,xm889sd1281,Text,Journal/periodical issue,,,,
pq328pw2858,tb053xc7429,Text,Journal/periodical issue,,,,
pr023rn0179,xm889sd1281,Text,Journal/periodical issue,,,,
pr116nf5147,tb053xc7429,Text,Journal/periodical issue,,,,
pr190mv4438,px507jb1735,Text,Documentation,,,,
pr546gw2971,px507jb1735,Text,Documentation,,,,
pr844fc1885,xm889sd1281,Text,Journal/periodical issue,,,,
pr969xv7838,yw836rh9143,Video,Presentation recording,Unedited recording,Speech,,
ps222gg8737,tb053xc7429,Text,Journal/periodical issue,,,,
ps931xq2174,xm889sd1281,Text,Journal/periodical issue,,,,
pt006kf5279,sw888kf0958,Text,Report,,,,
pt732wb3548,gm265cj0081,Text,Technical report,,,,
pv060bw2313,xm889sd1281,Text,Journal/periodical issue,,,,
pv355sr7217,kq629sd5182,Text,Technical report,,,,
pv779rt4759,xs573nh8717,Text,White paper,Conference session,,,
pv866bn3862,xm889sd1281,Text,Journal/periodical issue,,,,
pw117qm2090,pf670qd3191,Image,Poster,Data,Text,,
pw220df6697,fk441ps0303,Sound,Podcast,Text,Transcript,,
pw395wd2342,xm889sd1281,Text,Journal/periodical issue,,,,
pw449ny8883,xn235kn0506,Text,Government document,Documentation,,,
px832zg2276,fk441ps0303,Sound,Podcast,Text,Transcript,,
py381fs6085,pf670qd3191,Image,Poster,Data,Text,,
py865tw6670,qk912vj7408,Text,Technical report,Data,Documentation,,
pz045nk2910,cb946pf0135,Text,Government document,Data,,,
pz096fn6930,gm265cj0081,Text,Technical report,,,,
pz232fg1727,nj669yc9949,Text,Conference session,Presentation slides,,,
pz354rt0251,xm889sd1281,Text,Journal/periodical issue,,,,
pz927kv2918,kq629sd5182,Text,Technical report,,,,
qb320gz9216,xm889sd1281,Text,Journal/periodical issue,,,,
qb779jh9716,xs573nh8717,Text,Article,Conference session,,,
qb829gj9511,xn235kn0506,Text,Government document,Correspondence,,,
qc361sc8497,kq629sd5182,Text,Technical report,,,,
qc585qt0764,pf670qd3191,Image,Poster,Data,Text,,
qd279bj9064,kk382jq8063,Image,,,,,
qd419fg5757,xm889sd1281,Text,Journal/periodical issue,,,,
qd744jd4807,px507jb1735,Text,Documentation,,,,
qd780gf9821,kq629sd5182,Text,Technical report,,,,
qd966yz4379,kq629sd5182,Text,Technical report,,,,
qg567zw2116,xm889sd1281,Text,Journal/periodical issue,,,,
qh412kc2362,xm889sd1281,Text,Journal/periodical issue,,,,
qh633mt1707,gm265cj0081,Text,Technical report,,,,
qh728tq2449,vx401mn2884,Data,,,,,
qh825pg9813,tb053xc7429,Text,Journal/periodical issue,,,,
qj091yt8597,tb053xc7429,Text,Journal/periodical issue,,,,
qj103gk7482,xn235kn0506,Text,Correspondence,Government document,,,
qj195yt2888,tb053xc7429,Text,Journal/periodical issue,,,,
qj199sc8055,rr255gf6892,Text,Report,Documentation,,,
qj782qq2957,wh620hw5859,Text,White paper,,,,
qk712xd8602,gm265cj0081,Text,Technical report,,,,
qm042pz9314,xm889sd1281,Text,Journal/periodical issue,,,,
qm063kk5068,yw836rh9143,Video,Presentation recording,Unedited recording,Speech,,
qn539jn8354,kk382jq8063,Image,,,,,
qn989jm6621,xm889sd1281,Text,Journal/periodical issue,,,,
qp124rb4689,pf670qd3191,Image,Poster,Data,Text,,
qp446zx7076,gs860rq5377,mixed material,White paper,Documentation,Data,,
qq075gd5297,nj669yc9949,Text,Conference session,Presentation slides,,,
qq843gd3617,gm265cj0081,Text,Technical report,,,,
qr172kx7896,tz959sb6952,Text,White paper,Conference session,,,
qr693xv4926,xm889sd1281,Text,Journal/periodical issue,,,,
qr879zm6838,xm889sd1281,Text,Journal/periodical issue,,,,
qs738yq3868,xm889sd1281,Text,Journal/periodical issue,,,,
qt429km6702,kq629sd5182,Text,Technical report,,,,
qt692tj8356,tb053xc7429,Text,Journal/periodical issue,,,,
qt697ts0376,px507jb1735,Text,Documentation,,,,
qt699xn3153,vx401mn2884,Data,Database,Code,,,
qt868rq2644,tb053xc7429,Text,Journal/periodical issue,,,,
qv254fn6313,px507jb1735,Text,Documentation,,,,
qv334fm8601,mz198fp9366,Text,Technical report,,,,
qv352qx7653,xm889sd1281,Text,Journal/periodical issue,,,,
qv461cq8449,ts832qz8693,Text,Documentation,,,,
qv645zh4661,dn516pt3383,Music,Sound,Sound recording,,,
qv759ps0703,xm889sd1281,Text,Journal/periodical issue,,,,
qv982rs5006,tb053xc7429,Text,Journal/periodical issue,,,,
qw567ph8543,cb946pf0135,Text,Government document,Data,,,
qx197sz6221,xm889sd1281,Text,Journal/periodical issue,,,,
qy007ht7512,gm265cj0081,Text,Technical report,,,,
qy643km8126,pf670qd3191,Image,Poster,Data,Text,,
qy713rz3085,pf670qd3191,Image,Poster,Data,Text,,
qz450qt9772,gm265cj0081,Text,Technical report,,,,
rb133ts2063,xm889sd1281,Text,Journal/periodical issue,,,,
rb560jz5549,xm889sd1281,Text,Journal/periodical issue,,,,
rb797qw9047,xm889sd1281,Text,Journal/periodical issue,,,,
rc266xv2628,tb053xc7429,Text,Journal/periodical issue,,,,
rc789xc7262,xm889sd1281,Text,Journal/periodical issue,,,,
rd341qp5479,jd276dz9994,Text,Technical report,,,,
rd819fy3516,rr255gf6892,Text,Report,Documentation,,,
rd819wc6729,xm889sd1281,Text,Journal/periodical issue,,,,
rf000vr4296,px507jb1735,Text,Documentation,,,,
rf001bx7825,tb053xc7429,Text,Journal/periodical issue,,,,
rf179tk9966,xm889sd1281,Text,Journal/periodical issue,,,,
rf642dj5262,kq629sd5182,Text,Technical report,,,,
rf837gz4928,pf670qd3191,Image,Poster,Data,Text,,
rg035wb9469,pf670qd3191,Image,Poster,Data,Text,,
rg190bs8358,pg007dt6713,Text,Government document,Data,Technical report,,
rg322gr7084,xn235kn0506,Text,Correspondence,Government document,,,
rg472rf5443,tb053xc7429,Text,Journal/periodical issue,,,,
rh491hh4082,pf670qd3191,Image,Poster,Data,Text,,
rh549nv9529,kq629sd5182,Text,Technical report,,,,
rh609yk4450,xm889sd1281,Text,Journal/periodical issue,,,,
rh660hj0247,tb053xc7429,Text,Journal/periodical issue,,,,
rj030ns4688,yw836rh9143,Video,Presentation recording,Unedited recording,Speech,,
rj246mr5073,tb053xc7429,Text,Journal/periodical issue,,,,
rj504fj7128,xm889sd1281,Text,Journal/periodical issue,,,,
rj507qg2423,xm889sd1281,Text,Journal/periodical issue,,,,
rj923rs7122,gs860rq5377,Text,Presentation slides,,,,
rk546wx1332,cb946pf0135,Text,Government document,Data,,,
rk767ww8539,pf670qd3191,Image,Poster,Data,Text,,
rm691xt7022,tb053xc7429,Text,Journal/periodical issue,,,,
rn360xk4725,pf670qd3191,Image,Poster,Data,Text,,
rn364rw6247,pf670qd3191,Image,Poster,Data,Text,,
rn460hv7244,xm889sd1281,Text,Journal/periodical issue,,,,
rn839rp6659,pf670qd3191,Image,Poster,Data,Text,,
rp024kr0540,xn104wc7286,Text,,,,,
rp276dj3497,xm889sd1281,Text,Journal/periodical issue,,,,
rp403nn9251,tb053xc7429,Text,Journal/periodical issue,,,,
rp789vf6321,tb053xc7429,Text,Journal/periodical issue,,,,
rq314hm7170,pf670qd3191,Image,Poster,Data,Text,,
rq525dh3483,yw836rh9143,Video,Presentation recording,Unedited recording,Speech,,
rq794kc6747,df918cs3825,mixed material,Data,Video recording,,,
rq959hq3465,xm889sd1281,Text,Journal/periodical issue,,,,
rq984fn7118,gs860rq5377,Text,Presentation slides,,,,
rr383xm8316,xm889sd1281,Text,Journal/periodical issue,,,,
rr563mg4637,nj669yc9949,Text,Conference session,Presentation slides,,,
rs339sf4231,xm889sd1281,Text,Journal/periodical issue,,,,
rs532jd8752,pf670qd3191,Image,Poster,Data,Text,,
rs604tq9846,pf670qd3191,Image,Poster,Data,Text,,
rs919ff7402,xm889sd1281,Text,Journal/periodical issue,,,,
rs978qm8405,xm889sd1281,Text,Journal/periodical issue,,,,
rs999cp1785,xm889sd1281,Text,Journal/periodical issue,,,,
rt272wm3670,tb053xc7429,Text,Journal/periodical issue,,,,
rt429rv8687,pf670qd3191,Image,Poster,Data,Text,,
rv063bd8485,wc394gy9058,mixed material,Text,Documentation,Database,,
rv324yc5503,tz959sb6952,Text,Article,Technical report,,,
rv815gj7239,dn516pt3383,Music,Notated music,Sound recording,,,
rv976vk5247,xm889sd1281,Text,Journal/periodical issue,,,,
rw251jg6635,xm889sd1281,Text,Journal/periodical issue,,,,
rw354dq6113,pn826mx7934,Video,Animation,Video art,,,
rw829bc8104,xm889sd1281,Text,Journal/periodical issue,,,,
rw862xw7941,pf670qd3191,Image,Poster,Data,Text,,
rx443qq7189,ff984ns9763,mixed material,Course/instructional materials,Image,Video art,Text,
rx803dv8472,pf670qd3191,Image,Poster,Data,Text,,
ry151xs3554,xm889sd1281,Text,Journal/periodical issue,,,,
ry182bs1287,xm889sd1281,Text,Journal/periodical issue,,,,
ry329nw6161,xm889sd1281,Text,Journal/periodical issue,,,,
ry507qg8522,cb946pf0135,Text,Government document,Data,,,
ry540ts7742,xm889sd1281,Text,Journal/periodical issue,,,,
rz313bp1096,rr255gf6892,Text,Report,Documentation,,,
rz976nz3153,xm889sd1281,Text,Journal/periodical issue,,,,
sb127qm0353,xm889sd1281,Text,Journal/periodical issue,,,,
sb291dh6827,fk441ps0303,Sound,Podcast,Text,Transcript,,
sb333zd2595,kq629sd5182,Text,Technical report,,,,
sb440cs0788,xm889sd1281,Text,Journal/periodical issue,,,,
sb645jn3586,rd358zt4950,mixed material,Text,Documentation,Data,,
sb764hr2966,tb053xc7429,Text,Journal/periodical issue,,,,
sb782cn3255,xm889sd1281,Text,Journal/periodical issue,,,,
sc020qp6018,kq629sd5182,Text,Technical report,,,,
sc358tb3452,dn516pt3383,Music,Sound,Sound recording,,,
sc361kk3069,yw836rh9143,Video,Presentation recording,Unedited recording,Speech,,
sd270ch7564,xm889sd1281,Text,Journal/periodical issue,,,,
sd594yd8504,kq629sd5182,Text,Technical report,,,,
sd700wz7387,pf670qd3191,Image,Poster,Data,Text,,
sd910bs8991,nc574ck0385,Text,Government document,Technical report,,,
sf211tp9402,xm889sd1281,Text,Journal/periodical issue,,,,
sf324xb6069,xm889sd1281,Text,Journal/periodical issue,,,,
sf349wy1683,pf670qd3191,Image,Poster,Data,Text,,
sf986gs7320,xn235kn0506,Text,Correspondence,Government document,,,
sg281dj9441,rr255gf6892,Text,Report,Documentation,,,
sg361wj7375,yw836rh9143,Video,Presentation recording,Unedited recording,Speech,,
sg397sh4802,pf670qd3191,Image,Poster,Data,Text,,
sg438br0250,xn235kn0506,Text,Correspondence,Government document,,,
sg445td9936,tb053xc7429,Text,Journal/periodical issue,,,,
sg958tm2436,tb053xc7429,Text,Journal/periodical issue,,,,
sh096md1590,fk441ps0303,Sound,Podcast,Text,Transcript,,
sj883xg0809,xm889sd1281,Text,Journal/periodical issue,,,,
sj996vd7789,mm346cv9110,Data,,,,,
sk463jy6536,tb053xc7429,Text,Journal/periodical issue,,,,
sk859kb3586,xm889sd1281,Text,Journal/periodical issue,,,,
sm143ct1942,xm889sd1281,Text,Journal/periodical issue,,,,
sm461gq2713,rr255gf6892,Text,Report,Documentation,,,
sm862mg6771,kq629sd5182,Text,Technical report,,,,
sm893qv2435,xn235kn0506,Text,Government document,Documentation,,,
sm898gm7351,fk441ps0303,Sound,Podcast,Text,Transcript,,
sn711vd1677,gm265cj0081,Text,Technical report,,,,
sp804jw4413,px507jb1735,Text,Documentation,,,,
sp917bp9604,xm889sd1281,Text,Journal/periodical issue,,,,
sq073bv1790,rr255gf6892,Text,Report,Documentation,,,
sq291fn2326,xm889sd1281,Text,Journal/periodical issue,,,,
sr290tb9827,pf670qd3191,Image,Poster,Data,Text,,
sr464xh8065,xm889sd1281,Text,Journal/periodical issue,,,,
sr501jn0902,xm889sd1281,Text,Journal/periodical issue,,,,
sr777yx9772,kq629sd5182,Text,Technical report,,,,
ss205nw6650,gm265cj0081,Text,Technical report,,,,
ss220mq0904,rr255gf6892,Text,Report,Documentation,,,
ss349rm4440,kk382jq8063,Image,Documentation,,,,
ss901nw9100,pf670qd3191,Image,Poster,Data,Text,,
st338hn0361,xm889sd1281,Text,Journal/periodical issue,,,,
st523wj2034,pf670qd3191,Image,Poster,Data,Text,,
st885yv3513,xm889sd1281,Text,Journal/periodical issue,,,,
st907wm0009,xm889sd1281,Text,Journal/periodical issue,,,,
sv505qq7859,xm889sd1281,Text,Journal/periodical issue,,,,
sv570fj9800,pf670qd3191,Image,Poster,Data,Text,,
sv819td9283,kq629sd5182,Text,Technical report,,,,
sw057np8165,xm889sd1281,Text,Journal/periodical issue,,,,
sw321tg6624,kq629sd5182,Text,Technical report,,,,
sw589ts9300,qy070zf4368,"software, multimedia",Code,Data,,,
sw680wv2280,tb053xc7429,Text,Journal/periodical issue,,,,
sw728dw6982,fk441ps0303,Sound,Podcast,,,,
sw756sw8153,tb053xc7429,Text,Journal/periodical issue,,,,
sw860sw0891,pf670qd3191,Image,Poster,Data,Text,,
sx324kq4239,tb053xc7429,Text,Journal/periodical issue,,,,
sx492rh2858,rr255gf6892,Text,Report,Documentation,,,
sx552zw8429,gs860rq5377,Text,Report,,,,
sx574hh1239,xm889sd1281,Text,Journal/periodical issue,,,,
sx590rg4630,kq629sd5182,Text,Technical report,,,,
sx595qy8525,xm889sd1281,Text,Journal/periodical issue,,,,
sx697cb4887,pf670qd3191,Image,Poster,Data,Text,,
sx866kx0380,xm889sd1281,Text,Journal/periodical issue,,,,
sy416rh3970,kq629sd5182,Text,Technical report,,,,
sy439nm4532,xm889sd1281,Text,Journal/periodical issue,,,,
sy927xh9353,tb053xc7429,Text,Journal/periodical issue,,,,
sz159yf7931,tb053xc7429,Text,Journal/periodical issue,,,,
sz249ym9704,kv708vv4482,Text,Article,Conference session,,,
sz273tt1006,bs335mc1127,Text,Essay,,,,
tb042bz9646,tb053xc7429,Text,Journal/periodical issue,,,,
tb139gn2220,kq629sd5182,Text,Technical report,,,,
tb305wf5309,xm889sd1281,Text,Journal/periodical issue,,,,
tb756jg0064,kq629sd5182,Text,Technical report,,,,
tb914zk8256,xt984kp6950,Image,Documentation,,,,
tc043pn4623,zm381kw7359,Sound,Sound recording,Ethnography,,,
tc068kx4971,xm889sd1281,Text,Journal/periodical issue,,,,
tc162zz8590,xm889sd1281,Text,Journal/periodical issue,,,,
tc287cf8098,pf670qd3191,Image,Poster,Data,Text,,
tc366yc5176,tb053xc7429,Text,Journal/periodical issue,,,,
tc489ss5542,pf670qd3191,Image,Poster,Data,Text,,
tc625tb6216,rr255gf6892,Text,Report,Documentation,,,
td341fd9085,kq629sd5182,Text,Technical report,,,,
td420kt6864,xm889sd1281,Text,Journal/periodical issue,,,,
td539fp3125,kk382jq8063,Image,,,,,
td603xj1523,gm265cj0081,Text,Technical report,,,,
td675km9733,kq629sd5182,Text,Technical report,,,,
td762cj3865,tb053xc7429,Text,Journal/periodical issue,,,,
tf321kg7835,xm889sd1281,Text,Journal/periodical issue,,,,
tf460xr7448,tb053xc7429,Text,Journal/periodical issue,,,,
tf661fw3407,tb053xc7429,Text,Journal/periodical issue,,,,
tf712tw2002,yw836rh9143,Video,Presentation recording,Unedited recording,Speech,,
th023vb8359,xm889sd1281,Text,Journal/periodical issue,,,,
th539tz9584,tb053xc7429,Text,Journal/periodical issue,,,,
tj495jx9542,xm889sd1281,Text,Journal/periodical issue,,,,
tj941qr2041,pf670qd3191,Image,Poster,Data,Text,,
tk223cx6173,xm889sd1281,Text,Journal/periodical issue,,,,
tk433rb2794,yw836rh9143,Video,Presentation recording,Unedited recording,Speech,,
tm094wm7309,xm889sd1281,Text,Journal/periodical issue,,,,
tm098cy6884,gm265cj0081,Text,Technical report,,,,
tm461wy4388,rr255gf6892,Text,Report,Documentation,,,
tm540km6559,xm889sd1281,Text,Journal/periodical issue,,,,
tm555rv2522,wt021dc3029,Data,Data,Documentation,,,
tn076jk4025,xm889sd1281,Text,Journal/periodical issue,,,,
tn319pj3597,xm889sd1281,Text,Journal/periodical issue,,,,
tn506fk6688,cb946pf0135,Text,Government document,Data,,,
tn538dr5273,px507jb1735,Text,Documentation,,,,
tn565sg1213,pf670qd3191,Image,Poster,Data,Text,,
tn630bz2953,yw836rh9143,Video,Presentation recording,Unedited recording,Speech,,
tp025mq4329,gm265cj0081,Text,Technical report,,,,
tp238jy6249,xm889sd1281,Text,Journal/periodical issue,,,,
tp263nt1036,tb053xc7429,Text,Journal/periodical issue,,,,
tp553sz5439,xm889sd1281,Text,Journal/periodical issue,,,,
tp632cy5809,xn235kn0506,Text,Correspondence,Government document,,,
tp962mq3896,rr255gf6892,Text,Report,Documentation,,,
tq091jx5921,tb053xc7429,Text,Journal/periodical issue,,,,
tq191kt8898,xm889sd1281,Text,Journal/periodical issue,,,,
tq192xq2234,wt021dc3029,Data,Data,Documentation,,,
tq416pk1411,xm889sd1281,Text,Journal/periodical issue,,,,
tq484qm2795,pf670qd3191,Image,Poster,Data,Text,,
tq524vp7034,pf670qd3191,Image,Poster,Data,Text,,
tq973kf0425,qq279mc0438,Text,Documentation,,,,
tr967nh8562,vx401mn2884,Data,Database,Code,,,
ts453jb8444,pf670qd3191,Image,Poster,Data,Text,,
tt077rt2826,kq629sd5182,Text,Technical report,,,,
tt285pn0136,rr255gf6892,Text,Report,Documentation,,,
tw797wb4650,gm265cj0081,Text,Technical report,,,,
tx287mn1141,kq629sd5182,Text,Technical report,,,,
tx318pr4211,tb053xc7429,Text,Journal/periodical issue,,,,
tx480zt6533,xm889sd1281,Text,Journal/periodical issue,,,,
tx509sr6198,rr255gf6892,Text,Report,Documentation,,,
tx576jq0218,xm889sd1281,Text,Journal/periodical issue,,,,
ty050zf8370,xm889sd1281,Text,Journal/periodical issue,,,,
ty842nk2367,pf670qd3191,Image,Poster,Data,Text,,
ty870gh9714,px507jb1735,Text,Manuscript,Image,,,
ty982db8567,tb053xc7429,Text,Journal/periodical issue,,,,
ty997vz5847,pn826mx7934,Video,Presentation recording,,,,
tz498dy4919,pf670qd3191,Image,Poster,Data,Text,,
tz766vs5402,gm265cj0081,Text,Technical report,,,,
vb200tq2735,pf670qd3191,Image,Poster,Data,Text,,
vb857ts2577,xn235kn0506,Text,Government document,Documentation,,,
vc261yf8781,pf670qd3191,Image,Poster,Data,Text,,
vc346kz7097,pf670qd3191,Image,Poster,Data,Text,,
vc399wz8347,xm889sd1281,Text,Journal/periodical issue,,,,
vc495yj8430,tb053xc7429,Text,Journal/periodical issue,,,,
vc603tt4023,gs860rq5377,Text,Report,,,,
vc646nx4500,pf670qd3191,Image,Poster,Data,Text,,
vd066ct9425,gm265cj0081,Text,Technical report,,,,
vd108qq5852,tb053xc7429,Text,Journal/periodical issue,,,,
vd579qy7585,pf670qd3191,Image,Poster,Data,Text,,
vf728sh2937,kq629sd5182,Text,Technical report,,,,
vf756wn3110,xm889sd1281,Text,Journal/periodical issue,,,,
vf974rw3114,xm889sd1281,Text,Journal/periodical issue,,,,
vg414dw1728,xn235kn0506,Text,Government document,Documentation,,,
vg541yp3616,xm889sd1281,Text,Journal/periodical issue,,,,
vg607yt4007,pf670qd3191,Image,Poster,Data,Text,,
vh414vj7107,xm889sd1281,Text,Journal/periodical issue,,,,
vh684my5118,fk441ps0303,Sound,Podcast,Text,Transcript,,
vh718nh5893,xm889sd1281,Text,Journal/periodical issue,,,,
vj226ds6666,px507jb1735,Text,Documentation,,,,
vj555dg2196,xn235kn0506,Text,Government document,Correspondence,,,
vj888ts2266,xm889sd1281,Text,Journal/periodical issue,,,,
vk012pn4867,xm889sd1281,Text,Journal/periodical issue,,,,
vk053jj1711,xm889sd1281,Text,Journal/periodical issue,,,,
vk089dz6571,tb053xc7429,Text,Journal/periodical issue,,,,
vm674vs5744,xm889sd1281,Text,Journal/periodical issue,,,,
vm786bj8253,pf670qd3191,Image,Poster,Data,Text,,
vn310ry6452,xm889sd1281,Text,Journal/periodical issue,,,,
vp017ff7732,xn235kn0506,Text,Government document,Documentation,,,
vp059cc3126,xm889sd1281,Text,Journal/periodical issue,,,,
vp318zz8418,xm889sd1281,Text,Journal/periodical issue,,,,
vp360kv7629,tb053xc7429,Text,Journal/periodical issue,,,,
vp698tg9968,xm889sd1281,Text,Journal/periodical issue,,,,
vp727zz3699,xm889sd1281,Text,Journal/periodical issue,,,,
vq047cb3590,pf670qd3191,Image,Poster,Data,Text,,
vq436sq9834,gm265cj0081,Text,Technical report,,,,
vq631yz5779,xm889sd1281,Text,Journal/periodical issue,,,,
vr174qb2453,tb053xc7429,Text,Journal/periodical issue,,,,
vr477zv6537,pf670qd3191,Image,Poster,Data,Text,,
vr646xy0142,rr255gf6892,Text,Report,Documentation,,,
vr809nc4211,tb053xc7429,Text,Journal/periodical issue,,,,
vr813gk6824,hn730ks3626,Image,Poster,Conference session,,,
vr835kx1498,kq629sd5182,Text,Technical report,,,,
vs132mc7125,kq629sd5182,Text,Technical report,,,,
vs216db6385,pf670qd3191,Image,Poster,Data,Text,,
vs545qf7405,xm889sd1281,Text,Journal/periodical issue,,,,
vt073cc9067,nz851dz8474,Text,Documentation,Data,,,
vt540gb5597,px507jb1735,Text,Documentation,,,,
vv214hp4568,cb946pf0135,Text,Government document,White paper,,,
vv534gd3897,kq629sd5182,Text,Technical report,,,,
vw384wd4503,tb053xc7429,Text,Journal/periodical issue,,,,
vx260nv0725,pf670qd3191,Image,Poster,Data,Text,,
vx639mk0514,tb053xc7429,Text,Journal/periodical issue,,,,
vx946ns7681,wt021dc3029,Data,Data,Documentation,,,
vy490nx5262,xm889sd1281,Text,Journal/periodical issue,,,,
vz433fm4957,xm889sd1281,Text,Journal/periodical issue,,,,
vz582rh5121,xm889sd1281,Text,Journal/periodical issue,,,,
vz633xg4736,yw836rh9143,Video,Presentation recording,Unedited recording,Speech,,
wb011mk1517,pf670qd3191,Image,Poster,Data,Text,,
wb386yr0420,xm889sd1281,Text,Journal/periodical issue,,,,
wb677rf1504,pf670qd3191,Image,Poster,Data,Text,,
wb735hg2759,pf670qd3191,Image,Poster,Data,Text,,
wc053rq8118,kq629sd5182,Text,Technical report,,,,
wc249sg7317,xm889sd1281,Text,Journal/periodical issue,,,,
wc333hh5393,tz959sb6952,Text,White paper,Conference session,,,
wc335mh4712,wc394gy9058,mixed material,Text,Documentation,Database,,
wc921mf2460,kq629sd5182,Text,Technical report,,,,
wd276mh5953,tb053xc7429,Text,Journal/periodical issue,,,,
wd685zw8578,kq629sd5182,Text,Technical report,,,,
wd891zf2150,xm889sd1281,Text,Journal/periodical issue,,,,
wd920xt9272,px507jb1735,Text,Documentation,,,,
wf032zr4101,yw836rh9143,Video,Presentation recording,Unedited recording,Speech,,
wf313rn1977,tb053xc7429,Text,Journal/periodical issue,,,,
wf580mp5534,tb053xc7429,Text,Journal/periodical issue,,,,
wf737pf6253,pf670qd3191,Image,Poster,Data,Text,,
wf839km6990,gm265cj0081,Text,Technical report,,,,
wg694py4563,nc574ck0385,Text,Government document,Manuscript,,,
wg827ks1643,tz959sb6952,Text,White paper,Conference session,,,
wg929fg7824,xm889sd1281,Text,Journal/periodical issue,,,,
wh078jx2277,pf670qd3191,Image,Poster,Data,Text,,
wh116jt1350,yw836rh9143,Video,Presentation recording,Unedited recording,Speech,,
wh613hg6598,xm889sd1281,Text,Journal/periodical issue,,,,
wh783qn6746,gm265cj0081,Text,Technical report,,,,
wj011fr5319,pf670qd3191,Image,Poster,Data,Text,,
wj356jq8195,xm889sd1281,Text,Journal/periodical issue,,,,
wj560mq0075,xm889sd1281,Text,Journal/periodical issue,,,,
wj733zq9620,kq629sd5182,Text,Technical report,,,,
wj839rs0551,wc394gy9058,mixed material,Text,Documentation,Database,,
wj957jd3640,yw836rh9143,Video,Presentation recording,Unedited recording,Speech,,
wk522cd5252,pf670qd3191,Image,Poster,Data,Text,,
wk619ny4273,xm889sd1281,Text,Journal/periodical issue,,,,
wk816qp3769,rr255gf6892,Text,Report,Documentation,,,
wm257zb9632,kk382jq8063,Image,,,,,
wm313pk6768,xm889sd1281,Text,Journal/periodical issue,,,,
wm673mh7503,xm889sd1281,Text,Journal/periodical issue,,,,
wm869sd7989,tb053xc7429,Text,Journal/periodical issue,,,,
wm941kn9216,xm889sd1281,Text,Journal/periodical issue,,,,
wn070pb5582,xm889sd1281,Text,Journal/periodical issue,,,,
wn290dd8588,tb053xc7429,Text,Journal/periodical issue,,,,
wn334sm2752,xm889sd1281,Text,Journal/periodical issue,,,,
wn386gj5687,xm889sd1281,Text,Journal/periodical issue,,,,
wn527mp0022,hn730ks3626,Text,Course/instructional materials,,,,
wn714rn8040,hn730ks3626,Music,Sound,Field recording,Sound recording,Performance,
wn953rh3588,nr325kt8685,Text,Report,Data,,,
wp300jj8371,xm889sd1281,Text,Journal/periodical issue,,,,
wp445sb1858,kq629sd5182,Text,Technical report,,,,
wp547hs1406,xm889sd1281,Text,Journal/periodical issue,,,,
wq045ft1121,pf670qd3191,Image,Poster,Data,Text,,
wq161yq4293,tb053xc7429,Text,Journal/periodical issue,,,,
wq244qx7599,gm265cj0081,Text,Technical report,,,,
wq502hm6697,tb053xc7429,Text,Journal/periodical issue,,,,
wq958rp1567,xm889sd1281,Text,Journal/periodical issue,,,,
wq974bt0970,xn235kn0506,Text,Government document,Documentation,,,
wr164nz3618,pn808wc6253,Text,Technical report,Image,,,
wr266qx9067,gm265cj0081,Text,Technical report,,,,
wr330dy6307,xm889sd1281,Text,Journal/periodical issue,,,,
wr653xj5115,kv708vv4482,Text,Presentation slides,Speaker notes,Conference session,,
wr902wx8691,pf670qd3191,Image,Poster,Data,Text,,
ws104bj2127,xm889sd1281,Text,Journal/periodical issue,,,,
ws452st6096,pf670qd3191,Image,Poster,Data,Text,,
ws589wm5574,xm889sd1281,Text,Journal/periodical issue,,,,
wt128vz0037,gm265cj0081,Text,Technical report,,,,
wt413vr8040,xn235kn0506,Text,Government document,Correspondence,,,
wt828gd9527,pf670qd3191,Image,Poster,Data,Text,,
wt945rm7524,xm889sd1281,Text,Journal/periodical issue,,,,
wv042qw0489,xm889sd1281,Text,Journal/periodical issue,,,,
wv128gv4181,pf670qd3191,Image,Poster,Data,Text,,
wv767fw9958,xm889sd1281,Text,Journal/periodical issue,,,,
ww403yw0987,pf670qd3191,Image,Poster,Data,Text,,
wx209st4186,xn235kn0506,Text,Government document,Correspondence,,,
wx775sq0683,rr255gf6892,Text,Report,Documentation,,,
wy024by6643,rr255gf6892,Text,Report,Documentation,,,
wy502cg1965,xm889sd1281,Text,Journal/periodical issue,,,,
wy588xk4808,fk441ps0303,Sound,Podcast,Text,Transcript,,
wy885hv4322,ww293jb1489,Text,Documentation,,,,
wz402qb2020,kq629sd5182,Text,Technical report,,,,
wz462kf1067,tb053xc7429,Text,Journal/periodical issue,,,,
wz560wz7480,xm889sd1281,Text,Journal/periodical issue,,,,
wz562dk7021,xm889sd1281,Text,Journal/periodical issue,,,,
wz587jp8340,xm889sd1281,Text,Journal/periodical issue,,,,
wz966gf1690,pf670qd3191,Image,Poster,Data,Text,,
xb648zm1912,pn808wc6253,Image,Data,,,,
xc041nm6644,tb053xc7429,Text,Journal/periodical issue,,,,
xc093bb2215,xm889sd1281,Text,Journal/periodical issue,,,,
xc152vm6227,gm265cj0081,Text,Technical report,,,,
xc503rz2123,kq629sd5182,Text,Technical report,,,,
xc565sw2276,tb053xc7429,Text,Journal/periodical issue,,,,
xd884wq9197,pf670qd3191,Image,Poster,Data,Text,,
xf035yw1199,pf670qd3191,Image,Poster,Data,Text,,
xf410xf2844,xm889sd1281,Text,Journal/periodical issue,,,,
xf752ch6873,pf670qd3191,Image,Poster,Data,Text,,
xf907fs5122,xm889sd1281,Text,Journal/periodical issue,,,,
xg209hc7842,tb053xc7429,Text,Journal/periodical issue,,,,
xg286vq1197,yw836rh9143,Video,Presentation recording,Unedited recording,Speech,,
xg540jn1475,pf670qd3191,Image,Poster,Data,Text,,
xg984ky1638,pf670qd3191,Image,Poster,Data,Text,,
xh402kw4203,gm265cj0081,Text,Technical report,,,,
xh428vk6569,bn671yd3198,Image,Book,Notated music,,,
xh501jc6203,pf670qd3191,Image,Poster,Data,Text,,
xk848ts1579,hn730ks3626,Text,Manuscript,White paper,,,
xm004kv6381,gm265cj0081,Text,Technical report,,,,
xm243rc1927,xm889sd1281,Text,Journal/periodical issue,,,,
xm721vf4813,kq629sd5182,Text,Technical report,Documentation,,,
xn150vx4316,wc394gy9058,mixed material,Text,Documentation,Database,,
xn166pc3919,tb053xc7429,Text,Journal/periodical issue,,,,
xn279zc1155,xm889sd1281,Text,Journal/periodical issue,,,,
xn379vc0687,xm889sd1281,Text,Journal/periodical issue,,,,
xn562nj1195,xn235kn0506,Text,Government document,Correspondence,,,
xn623tj0433,rr255gf6892,Text,Report,Documentation,,,
xn661rs3028,gm265cj0081,Text,Technical report,,,,
xn938qj9866,xm889sd1281,Text,Journal/periodical issue,,,,
xp524xn8295,xm889sd1281,Text,Journal/periodical issue,,,,
xq002wt7817,kq629sd5182,Text,Technical report,,,,
xq160wq8761,tb053xc7429,Text,Journal/periodical issue,,,,
xq192zh0490,pf670qd3191,Image,Poster,Data,Text,,
xq409mw3232,xm889sd1281,Text,Journal/periodical issue,,,,
xq879hz0711,tb053xc7429,Text,Journal/periodical issue,,,,
xq919fd8587,gs860rq5377,Text,Report,Presentation slides,Documentation,,
xr386rg2530,gm265cj0081,Text,Technical report,,,,
xr775nq8354,hn730ks3626,Text,Journal/periodical issue,,,,
xs070vg3160,xm889sd1281,Text,Journal/periodical issue,,,,
xs329fg1675,pf670qd3191,Image,Poster,Data,Text,,
xs443ry5146,pf670qd3191,Image,Poster,Data,Text,,
xs660tn7966,tb053xc7429,Text,Journal/periodical issue,,,,
xs713rg8006,gm265cj0081,Text,Technical report,,,,
xs951jt4400,tb053xc7429,Text,Journal/periodical issue,,,,
xt137vp7092,kq629sd5182,Text,Technical report,,,,
xt451xj0687,hn730ks3626,Image,Poster,Conference session,,,
xt830wt9305,pf670qd3191,Image,Poster,Data,Text,,
xt947zt8214,xm889sd1281,Text,Journal/periodical issue,,,,
xv847bw0331,tz959sb6952,Text,Documentation,Conference session,,,
xw166jd4010,pf670qd3191,Image,Poster,Data,Text,,
xx100td4196,xm889sd1281,Text,Journal/periodical issue,,,,
xx122kh9331,fk441ps0303,Sound,Podcast,Text,Transcript,,
xx128db6087,qq279mc0438,Text,Documentation,,,,
xx162bn9137,xm889sd1281,Text,Journal/periodical issue,,,,
xx252sh4206,tb053xc7429,Text,Journal/periodical issue,,,,
xx280ck7755,xm889sd1281,Text,Journal/periodical issue,,,,
xx384gg7417,pf670qd3191,Image,Poster,Data,Text,,
xx459ks3654,xm889sd1281,Text,Journal/periodical issue,,,,
xx941jv5034,xm889sd1281,Text,Journal/periodical issue,,,,
xy520xw2595,fd702hd2985,Text,Article,Course/instructional materials,,,
xy543yy9010,xm889sd1281,Text,Journal/periodical issue,,,,
xy547ss8747,kq629sd5182,mixed material,Technical report,Sound recording,,,
xy899kw0142,gm265cj0081,Text,Technical report,,,,
xz017nw0056,qt057hj0321,Text,Government document,Documentation,,,
xz218wt2055,pf670qd3191,Image,Poster,Data,Text,,
xz824mh7035,tb053xc7429,Text,Journal/periodical issue,,,,
xz884nb7149,pf670qd3191,Image,Poster,Data,Text,,
yb213sb7521,xm889sd1281,Text,Journal/periodical issue,,,,
yb583sg5273,xm889sd1281,Text,Journal/periodical issue,,,,
yb865rt7085,xm889sd1281,Text,Journal/periodical issue,,,,
yc010bx6176,pf670qd3191,Image,Poster,Data,Text,,
yc090bk6515,xm889sd1281,Text,Journal/periodical issue,,,,
yc625yb8510,xm889sd1281,Text,Journal/periodical issue,,,,
yc738zx5642,pf670qd3191,Image,Poster,Data,Text,,
yd136rv9614,xm889sd1281,Text,Journal/periodical issue,,,,
yd679sf8114,xm889sd1281,Text,Journal/periodical issue,,,,
yd935rz8116,qk912vj7408,Text,Report,Data,,,
yf143fc1383,px507jb1735,Text,Documentation,,,,
yf844sn8892,tb053xc7429,Text,Journal/periodical issue,,,,
yg505nr6673,xm889sd1281,Text,Journal/periodical issue,,,,
yg920xt0041,xm889sd1281,Text,Journal/periodical issue,,,,
yh228kh4511,xm889sd1281,Text,Journal/periodical issue,,,,
yh380tp9426,xm889sd1281,Text,Journal/periodical issue,,,,
yh493yp7330,xf370bb6498,Text,Journal/periodical issue,,,,
yh853hs8684,xm889sd1281,Text,Journal/periodical issue,,,,
yh866wb6902,xm889sd1281,Text,Journal/periodical issue,,,,
yj635sg2521,xm889sd1281,Text,Journal/periodical issue,,,,
yj940py7511,rr255gf6892,Text,Report,Documentation,,,
yk133ht8603,tz959sb6952,Text,White paper,,,,
yk829mr1035,xm889sd1281,Text,Journal/periodical issue,,,,
ym138xd1285,fk441ps0303,Sound,Podcast,Text,Transcript,,
ym278jj6953,xm889sd1281,Text,Journal/periodical issue,,,,
ym356rj2177,tb053xc7429,Text,Journal/periodical issue,,,,
ym918hb5032,xm889sd1281,Text,Journal/periodical issue,,,,
yn985mz2209,xn235kn0506,Text,Correspondence,Government document,,,
yp450pk3698,pf670qd3191,Image,Poster,Data,Text,,
yp641rm9054,kq629sd5182,Text,Technical report,,,,
yp828fk4130,pf670qd3191,Image,Poster,Data,Text,,
yq077wt3968,pf670qd3191,Image,Poster,Data,Text,,
yq238pw8958,tb053xc7429,Text,Journal/periodical issue,,,,
yq615hn5583,pf670qd3191,Image,Poster,Data,Text,,
yq675ph1015,xm889sd1281,Text,Journal/periodical issue,,,,
yq833xw9329,xm889sd1281,Text,Journal/periodical issue,,,,
yr390pd3005,kq629sd5182,Text,Technical report,,,,
yr906th4436,pf670qd3191,Image,Poster,Data,Text,,
ys184jw9693,xm889sd1281,Text,Journal/periodical issue,,,,
ys424ph4491,xm889sd1281,Text,Journal/periodical issue,,,,
ys956gf4399,dn516pt3383,Music,Notated music,Sound recording,,,
yt178qs8417,wt021dc3029,Data,Data,Documentation,,,
yt884sx5008,pf670qd3191,Image,Poster,Data,Text,,
yv142fx7781,pf670qd3191,Image,Poster,Data,Text,,
yv452bt5312,xm889sd1281,Text,Journal/periodical issue,,,,
yv610wb0842,xm889sd1281,Text,Journal/periodical issue,,,,
yv749fp0870,pf670qd3191,Image,Poster,Data,Text,,
yw316bz6198,pf670qd3191,Image,Poster,Data,Text,,
yx138sh6179,xm889sd1281,Text,Journal/periodical issue,,,,
yx439ck8600,pf670qd3191,Image,Poster,Data,Text,,
yx461rv8127,yw836rh9143,Video,Presentation recording,Unedited recording,Speech,,
yy185zk1387,xm889sd1281,Text,Journal/periodical issue,,,,
yy318dg0061,xm889sd1281,Text,Journal/periodical issue,,,,
yy510cr5010,yw836rh9143,Video,Presentation recording,Unedited recording,Speech,,
yy594jf5798,gm265cj0081,Text,Technical report,,,,
yy758rc6782,hn807kb3349,mixed material,Code,Data,Presentation slides,,
yy783bm9447,wt021dc3029,Data,Data,Documentation,,,
yy915qh3725,kq629sd5182,Text,Technical report,,,,
yz053fk5890,xm889sd1281,Text,Journal/periodical issue,,,,
yz084ms4188,tb053xc7429,Text,Journal/periodical issue,,,,
yz334py8403,xm889sd1281,Text,Journal/periodical issue,,,,
yz336rc2698,xm889sd1281,Text,Journal/periodical issue,,,,
yz468zq2178,xm889sd1281,Text,Journal/periodical issue,,,,
yz936bg7315,xn235kn0506,Text,Government document,Documentation,,,
zb450hh1968,px507jb1735,Text,Documentation,,,,
zb740wn1809,tb053xc7429,Text,Journal/periodical issue,,,,
zb916qf7640,xm889sd1281,Text,Journal/periodical issue,,,,
zb950hd3384,mp757fq0674,"software, multimedia",Code,Data,,,
zc301sn2006,tb053xc7429,Text,Journal/periodical issue,,,,
zc453xv0393,pf670qd3191,Image,Poster,Data,Text,,
zc605bw7313,pf670qd3191,Image,Poster,Data,Text,,
zd484kf1651,xm889sd1281,Text,Journal/periodical issue,,,,
zf345mw0282,yw836rh9143,Video,Presentation recording,Unedited recording,Speech,,
zf491tj8657,xm889sd1281,Text,Journal/periodical issue,,,,
zg585gh9545,pf670qd3191,Image,Poster,Data,Text,,
zg837jb8453,pf670qd3191,Image,Poster,Data,Text,,
zh110wz9727,rr255gf6892,Text,Report,Documentation,,,
zh653qs2040,kq629sd5182,Text,Technical report,,,,
zh773rk3849,xm889sd1281,Text,Journal/periodical issue,,,,
zj212dc1452,xm889sd1281,Text,Journal/periodical issue,,,,
zj426bj1960,tb053xc7429,Text,Journal/periodical issue,,,,
zk083ng6864,xm889sd1281,Text,Journal/periodical issue,,,,
zk257wy3301,pf670qd3191,Image,Poster,Data,Text,,
zk498wk4314,xm889sd1281,Text,Journal/periodical issue,,,,
zk558gr8260,pf670qd3191,Image,Poster,Data,Text,,
zm141hv5080,dn516pt3383,Music,Notated music,Sound recording,,,
zm892jz0514,xm889sd1281,Text,Journal/periodical issue,,,,
zn086gn3150,pf670qd3191,Image,Poster,Data,Text,,
zn260ft6244,pf670qd3191,Image,Poster,Data,Text,,
zn547js2934,tb053xc7429,Text,Journal/periodical issue,,,,
zn662hh8792,tb053xc7429,Text,Journal/periodical issue,,,,
zp180fx3479,tg242xv5347,Text,Technical report,Manuscript,,,
zp281pz3690,xm889sd1281,Text,Journal/periodical issue,,,,
zp615dt8160,xm889sd1281,Text,Journal/periodical issue,,,,
zp684gc4352,kq629sd5182,Text,Technical report,,,,
zq313kv5877,xm889sd1281,Text,Journal/periodical issue,,,,
zq446pv3381,yw836rh9143,Video,Presentation recording,Unedited recording,Speech,,
zq646jc7240,xn235kn0506,Text,Government document,Documentation,,,
zq710sm7910,xm889sd1281,Text,Journal/periodical issue,,,,
zq859yd1249,px507jb1735,Text,Documentation,,,,
zq944tr5802,pf670qd3191,Image,Poster,Data,Text,,
zr195jm3859,tb053xc7429,Text,Journal/periodical issue,,,,
zr673qd8944,xm889sd1281,Text,Journal/periodical issue,,,,
zr738kv4429,xm889sd1281,Text,Journal/periodical issue,,,,
zs171ck8172,xm889sd1281,Text,Journal/periodical issue,,,,
zs961qt8275,bq187rh3787,Text,Report,,,,
zt515vr4005,vx401mn2884,Data,,,,,
zv177rq8965,pf670qd3191,Image,Poster,Data,Text,,
zv325yg2568,xm889sd1281,Text,Journal/periodical issue,,,,
zv559cm3602,pf670qd3191,Image,Poster,Data,Text,,
zv726gh1067,pf670qd3191,Image,Poster,Data,Text,,
zv920ct4677,yw836rh9143,Video,Presentation recording,Unedited recording,Speech,,
zx081bn7826,vx401mn2884,Data,Database,Code,,,
zx843tr5595,tb053xc7429,Text,Journal/periodical issue,,,,
zy200hh1251,xm889sd1281,Text,Journal/periodical issue,,,,
zy305gk4285,gm265cj0081,Text,Technical report,,,,
zy383gd6427,xm889sd1281,Text,Journal/periodical issue,,,,
zz234zg7728,pf670qd3191,Image,Poster,Data,Text,,
zz392vx8589,pf670qd3191,Image,Poster,Data,Text,,
zz578dc6876,xm889sd1281,Text,Journal/periodical issue,,,,
zz972fx0174,xm889sd1281,Text,Journal/periodical issue,,,,
cd390jg8399,,Text,,,,,
dn361sv3845,,Text,,,,,
dn387qz7616,,Other,Test object,,,,
fs071kd1103,,Text,,,,,
fw335mg1883,,Text,Report,,,,
gh533bq4570,,Text,,,,,
gj834gp4151,,Text,,,,,
gk685tx2397,,Text,,,,,
gm384nn3146,,Text,,,,,
gq149qf2176,,Text,Report,,,,
gz081ch6237,,Text,,,,,
hx054gf4675,,Text,,,,,
jg715ts3949,,Text,,,,,
kv774bs7215,,Text,,,,,
kz496vx7528,,Text,,,,,
nk347ns1208,,Text,,,,,
np209cp4689,,mixed material,Text,Poster,Presentation slides,Video,Report
rg315vk9793,,Text,,,,,
rm714js9915,,Text,,,,,
sm239fr1479,,Text,,,,,
tg257xw1163,,Text,,,,,
tj682yd8532,,Text,,,,,
vb589vx7713,,Text,,,,,
wg655ry3881,,Text,,,,,
wh127jw2034,,Text,,,,,
wh741sb6416,,mixed material,Text,Policy brief,Video,Thesis,Story
xn454xj0011,,Text,,,,,
xw984hv0265,,Text,,,,,
xy476ws8202,,Text,,,,,
yf143fn7430,,Text,,,,,
yh730mq7686,,Text,,,,,
jf633zj3799,,Text,,,,,
wn419ps9580,,Text,,,,,
fv675yx5851,rr255gf6892,Text,Report,Documentation,,,
bd811ky4469,,Text,Documentation,,,,
bg158sn4020,,"software, multimedia",Code,,,,
br087nj9017,,"software, multimedia",Code,Data,,,
bt630qc9349,,Data,,,,,
cc998vz4634,,Data,,,,,
dp530wq8437,,Data,Code,,,,
fk828tc8567,,Data,Code,,,,
fp125hq3736,,Data,,,,,
fv675yx5851,,Text,Report,Documentation,,,
gj241kq9837,,Image,Poster,Data,,,
gx919xw2942,,"software, multimedia",,,,,
gz478gq3828,,Data,,,,,
hv660ns6897,,"software, multimedia",Code,Data,Image,,
hy169vz6083,,Text,Report,Documentation,,,
jv687qv8300,,Data,Code,,,,
jx920yt8493,,"software, multimedia",,,,,
kc658km4398,,Text,Documentation,,,,
ks501bq7804,,Data,Code,,,,
mf336sw2626,,"software, multimedia",,,,,
ms902yj3161,,Data,Documentation,,,,
nb876cw5242,,Text,Documentation,,,,
ng812mz4543,,Data,,,,,
pb903ny9688,,Text,Documentation,Report,,,
pn316qg0195,,"software, multimedia",Documentation,Video recording,,,
qg416qj1352,,Data,,,,,
rc201dv0636,,"software, multimedia",,,,,
rm704hj0382,,"software, multimedia",,,,,
ry685fs3812,,Text,Questionnaire,,,,
sk175bh2032,,Data,,,,,
sw114yc8625,,"software, multimedia",Data,,,,
td021fz7393,,Data,Code,,,,
th702qm4100,,"software, multimedia",Data,,,,
tm319hn6368,,Data,Image,Documentation,,,
tz311fw8492,,Data,Image,,,,
vd748js9648,,Data,Code,Documentation,,,
vt558xk1600,,"software, multimedia",Data,,,,
vt642ff0508,,Text,Documentation,,,,
xd109qh3109,,Data,Code,,,,
xn744fp3001,,"software, multimedia",Data,,,,
xp882gq4709,,"software, multimedia",,,,,
yn536gj2686,,Data,,,,,
yt060bn1019,,Text,Data,Documentation,,,
yv269xg0995,,"software, multimedia",Data,Documentation,,,
zk881ps0522,,Data,Code,Documentation,,,
rg825jf7958,,question currently out to Nathan Coy about this one,,,,,
